MWd/kgU,k-eff,Left mgLi6/kgU,Left %,g T made,g T tot,g T net
0.01,1.0503271105194365,144.42625872618132,0.9994896797659607,0.13036703586320686,0.13036703586320686,0.13035994701160802
0.02,1.0502874852763893,144.35254855406976,0.9989795747686488,0.13031205122356218,0.260679087086769,0.2606578239072872
0.03,1.0502478573860645,144.27886947597855,0.9984696849548689,0.13025708017333243,0.39093616726010144,0.39089364765084467
0.04,1.0502082268370454,144.20522148421918,0.997960010271413,0.13020212271563292,0.5211382899757344,0.5210674352082802
0.05,1.0501685936179312,144.13160457110126,0.9974505506650606,0.1301471788537297,0.6512854688294641,0.6511792035479371
0.060000000000000005,1.0501289577173392,144.05801872893267,0.996941306082579,0.13009224859073806,0.7813777174202022,0.7812289696403508
0.07,1.0500893191239025,143.9844639500194,0.9964322764707225,0.130037331929924,0.9114150493501263,0.9112167504584001
0.08,1.0500496778262711,143.91094022666573,0.9959234617762335,0.12998242887440284,1.0413974782245292,1.0411425629771558
0.09,1.0500100338131122,143.83744755117408,0.9954148619458414,0.12992753942739038,1.1713250176519197,1.1710064241739813
0.09999999999999999,1.0499703870731094,143.76398591584507,0.9949064769262634,0.12987266359210237,1.301197681244022,1.3008083510285324
0.10999999999999999,1.0499307375949634,143.69055531297755,0.9943983066642045,0.12981780137165413,1.4310154826156762,1.430548360522657
0.11999999999999998,1.049891085367391,143.61715573486856,0.9938903511063568,0.12976295276926145,1.5607784353849377,1.5602264696404948
0.12999999999999998,1.0498514303791264,143.54378717381337,0.9933826101994004,0.12970811778803965,1.6904865531729774,1.6898426953683776
0.13999999999999999,1.04981177261892,143.4704496221054,0.9928750838900028,0.12965329643125473,1.820139849604232,1.8193970546949791
0.15,1.0497721120755394,143.39714307203633,0.9923677721248189,0.12959848870202195,1.949738338306254,1.9488895646111644
0.16,1.0497324487377688,143.323867515896,0.9918606748504915,0.12954369460350687,2.0792820329097608,2.0783202421100397
0.17,1.049692782594409,143.25062294597257,0.9913537920136509,0.12948891413882485,2.2087709470485857,2.2076891041869033
0.18000000000000002,1.049653113634277,143.17740935455225,0.9908471235609152,0.12943414731124184,2.3382050943598274,2.336996167839394
0.19000000000000003,1.0496134418462078,143.1042267339196,0.99034066943889,0.12937939412382296,2.4675844884836504,2.466241450067292
0.20000000000000004,1.0495737672190517,143.03107507635733,0.9898344295941683,0.12932465457978393,2.596909143063434,2.595424967872668
0.21000000000000005,1.0495340897416765,142.95795437414637,0.9893284039733312,0.12926992868224008,2.7261790717456744,2.724546738259785
0.22000000000000006,1.0494944094029668,142.8848646195659,0.9888225925229474,0.12921521643435696,2.8553942881800314,2.853606778235145
0.23000000000000007,1.049454726191823,142.81180580489328,0.9883169951895728,0.1291605178392498,2.9845548060192812,2.9826051048074405
0.24000000000000007,1.0494150400971631,142.73877792240413,0.9878116119197518,0.1291058329001345,3.113660638919416,3.111541734987656
0.25000000000000006,1.0493753511079211,142.66578096437226,0.9873064426600157,0.129051161620076,3.242711800539492,3.2404166857889143
0.26000000000000006,1.0493356592130483,142.59281492306974,0.986801487356884,0.1289965040022399,3.3717083045417318,3.3692299742265797
0.2700000000000001,1.049295964401512,142.51987979076682,0.9862967459568638,0.12894186004979172,3.5006501645915233,3.4979816173182563
0.2800000000000001,1.0492562666622969,142.44697555973204,0.9857922184064501,0.1288872297657965,3.6295373943573197,3.626671632083687
0.2900000000000001,1.049216565984403,142.37410222223212,0.9852879046521255,0.12883261315341982,3.7583700075107394,3.755300035544856
0.3000000000000001,1.0491768623568483,142.301259770532,0.9847838046403599,0.12877801021587743,3.887148017726617,3.883866844726037
0.3100000000000001,1.0491371557686668,142.2284481968949,0.9842799183176117,0.1287234209561339,4.015871438682751,4.012372076653541
0.3200000000000001,1.0490974462089093,142.15566749358226,0.9837762456303271,0.12866884537740497,4.144540284060156,4.140815748355971
0.3300000000000001,1.0490577336666431,142.08291765285372,0.9832727865249392,0.12861428348280604,4.273154567542962,4.2691978768641174
0.34000000000000014,1.049018018130952,142.0101986669672,0.9827695409478698,0.12855973527545228,4.401714302818414,4.3975184792109605
0.35000000000000014,1.0489782995909365,141.93751052817885,0.9822665088455284,0.12850520075840882,4.530219503576823,4.525777572431619
0.36000000000000015,1.0489385780357139,141.86485322874304,0.9817636901643118,0.1284506799348412,4.6586701835116635,4.653975173563451
0.37000000000000016,1.0488988534544177,141.7922267609124,0.9812610848506048,0.1283961728078647,4.787066356319528,4.782111299646003
0.38000000000000017,1.0488591258361981,141.71963111693776,0.9807586928507803,0.12834167938059457,4.915408035700122,4.91018596772101
0.3900000000000002,1.048819395170222,141.64706628906828,0.9802565141111992,0.12828719965604565,5.043695235356168,5.038199194832297
0.4000000000000002,1.0487796614456726,141.5745322695513,0.9797545485782096,0.1282327336373835,5.171927968993551,5.166150998025922
0.4100000000000002,1.0487399246517501,141.50202905063242,0.9792527961981482,0.12817828132772335,5.300106250321274,5.294041394350138
0.4200000000000002,1.0487001847776707,141.4295566245555,0.978751256917339,0.12812384273013033,5.428230093051405,5.421870400855333
0.4300000000000002,1.0486604418126675,141.3571149835626,0.9782499306820942,0.1280694178477197,5.556299510899125,5.549638034594082
0.4400000000000002,1.0486206957459903,141.28470411989417,0.977748817438714,0.12801500668350618,5.6843145175826315,5.677344312621048
0.45000000000000023,1.0485809465669047,141.21232402578877,0.9772479171334864,0.12796060924065544,5.812275126823287,5.804989251993131
0.46000000000000024,1.0485411942646936,141.13997469348325,0.9767472297126869,0.1279062255222827,5.9401813523455695,5.932572869769422
0.47000000000000025,1.0485014388286558,141.0676561152128,0.97624675512258,0.1278518555313023,6.068033207876872,6.060095183010996
0.48000000000000026,1.0484616802481073,140.99536828321075,0.975746493309417,0.12779749927098025,6.195830707147852,6.187556208781266
0.49000000000000027,1.0484219185123798,140.92311118970875,0.9752464442194377,0.12774315674433137,6.323573863892183,6.314955964145732
0.5000000000000002,1.048382153610822,140.85088482693672,0.97474660779887,0.12768882795437042,6.451262691846553,6.442294466171981
0.5100000000000002,1.048342385532799,140.77868918712284,0.9742469839939296,0.12763451290421277,6.578897204750766,6.569571731929789
0.5200000000000002,1.0483026142676923,140.70652426249353,0.9737475727508202,0.12758021159692337,6.706477416347689,6.696787778491063
0.5300000000000002,1.0482628398049003,140.63439004527353,0.9732483740157338,0.1275259240355171,6.834003340383206,6.8239426229298035
0.5400000000000003,1.0482230621338369,140.56228652768579,0.9727493877348498,0.12747165022315948,6.961474990606366,6.951036282322244
0.5500000000000003,1.0481832812439331,140.49021370195155,0.972250613854336,0.12741739016281503,7.088892380769181,7.078068773746653
0.5600000000000003,1.0481434971246366,140.41817156029032,0.9717520523203482,0.12736314385759911,7.2162555246267805,7.205040114283489
0.5700000000000003,1.0481037097654111,140.3461600949199,0.9712537030790305,0.12730891131052646,7.343564435937307,7.3319503210152925
0.5800000000000003,1.0480639191557368,140.27417929805634,0.9707555660765145,0.12725469252466215,7.47081912846197,7.458799411026742
0.5900000000000003,1.0480241252851106,140.202229161914,0.9702576412589204,0.127200487503021,7.598019615964991,7.585587401404602
0.6000000000000003,1.0479843281430454,140.1303096787055,0.9697599285723563,0.12714629624871826,7.7251659122137095,7.712314309237822
0.6100000000000003,1.0479445277190709,140.0584208406417,0.9692624279629184,0.12709211876471851,7.852258030978428,7.8389801516173865
0.6200000000000003,1.0479047240027326,139.98656263993186,0.9687651393766911,0.12703795505403653,7.979295986032464,7.965584945636366
0.6300000000000003,1.0478649169835932,139.9147350687834,0.9682680627597466,0.1269838051198379,8.106279791152302,8.092128708390067
0.6400000000000003,1.0478251066512316,139.84293811940205,0.9677711980581457,0.1269296689650369,8.233209460117338,8.21861145697578
0.6500000000000004,1.0477852929952427,139.77117178399186,0.9672745452179368,0.12687554659274883,8.360085006710086,8.345033208492984
0.6600000000000004,1.0477454760052378,139.69943605475518,0.966778104185157,0.126821438005888,8.486906444715974,8.471393980043135
0.6700000000000004,1.0477056556708453,139.6277309238926,0.9662818749058313,0.12676734320756972,8.613673787923544,8.597693788729883
0.6800000000000004,1.0476658319817092,139.55605638360308,0.9657858573259729,0.12671326220075851,8.740387050124301,8.723932651658904
0.6900000000000004,1.0476260049274897,139.48441242608374,0.965290051391583,0.12665919498856967,8.86704624511287,8.850110585938067
0.7000000000000004,1.0475861744978643,139.41279904353013,0.9647944570486514,0.1266051415738673,8.993651386686738,8.97622760867717
0.7100000000000004,1.0475463406825263,139.34121622813603,0.964299074243156,0.1265511019597666,9.120202488646504,9.102283736988197
0.7200000000000004,1.0475065034711848,139.26966397209353,0.9638039029210624,0.12649707614928252,9.246699564795787,9.228278987985215
0.7300000000000004,1.0474666628535665,139.19814226759303,0.9633089430283255,0.12644306414532921,9.373142628941116,9.354213378784275
0.7400000000000004,1.0474268188194134,139.1266511068232,0.9628141945108872,0.1263890659510221,9.499531694892138,9.480086926503612
0.7500000000000004,1.0473869713584838,139.05519048197107,0.9623196573146786,0.12633508156927536,9.625866776461413,9.605899648263446
0.7600000000000005,1.047347120460553,138.98376038522193,0.9618253313856189,0.1262811110031039,9.752147887464517,9.73165156118608
0.7700000000000005,1.0473072661154121,138.9123608087594,0.9613312166696152,0.1262271542555225,9.878375041720039,9.857342682395899
0.7800000000000005,1.047267408312869,138.84099174476535,0.9608373131125629,0.12617321132954593,10.004548253049585,9.982973029019375
0.7900000000000005,1.0472275470427472,138.76965318542005,0.9603436206603464,0.12611928222808852,10.130667535277674,10.10854261818496
0.8000000000000005,1.0471876822948867,138.69834512290205,0.9598501392588378,0.12606536695416506,10.256732902231839,10.234051467023187
0.8100000000000005,1.047147814059144,138.6270675493882,0.9593568688538975,0.12601146551079037,10.38274436774263,10.35949959266668
0.8200000000000005,1.047107942325392,138.55582045705364,0.9588638093913747,0.12595757790087872,10.508701945643509,10.484887012250038
0.8300000000000005,1.047068067083519,138.4846038380719,0.9583709608171066,0.12590370412744492,10.634605649770954,10.610213742909945
0.8400000000000005,1.0470281883234307,138.41341768461476,0.9578783230769188,0.12584984419350384,10.760455493964457,10.73547980178517
0.8500000000000005,1.0469883060350487,138.34226198885236,0.9573858961166253,0.1257959981019194,10.886251492066377,10.860685206016411
0.8600000000000005,1.0469484202083101,138.27113674295313,0.9568936798820286,0.1257421658557568,11.011993657922133,10.985829972746501
0.8700000000000006,1.0469085308331691,138.20004193908386,0.9564016743189194,0.12568834745793026,11.137682005380064,11.110914119120254
0.8800000000000006,1.046868637899596,138.12897756940964,0.9559098793730771,0.1256345429114043,11.263316548291469,11.235937662284517
0.8900000000000006,1.0468287413975768,138.0579436260939,0.9554182949902692,0.12558075221914358,11.388897300510612,11.360900619388167
0.9000000000000006,1.046788841317114,137.98694010129842,0.954926921116252,0.12552697538406238,11.514424275894674,11.485803007582064
0.9100000000000006,1.046748937648227,137.91596698718325,0.9544357576967699,0.12547321240917542,11.63989748830385,11.61064484401915
0.9200000000000006,1.0467090303809503,137.84502427590684,0.9539448046775559,0.12541946329739706,11.765316951601248,11.73542614585435
0.9300000000000006,1.046669119505335,137.77411195962594,0.9534540620043318,0.12536572805164162,11.89068267965289,11.860146930244568
0.9400000000000006,1.0466292050114485,137.70323003049563,0.9529635296228072,0.1253120066749239,12.015994686327815,11.98480721434879
0.9500000000000006,1.0465892868893745,137.63237848066936,0.9524732074786807,0.12525829917010797,12.141252985497923,12.109407015327932
0.9600000000000006,1.0465493651292128,137.5615573022989,0.9519830955176394,0.1252046055401583,12.266457591038082,12.233946350344945
0.9700000000000006,1.0465094397210786,137.49076648753433,0.9514931936853587,0.12515092578803957,12.391608516826121,12.358425236564809
0.9800000000000006,1.0464695106551045,137.42000602852414,0.9510035019275027,0.12509725991661574,12.516705776742738,12.482843691154432
0.9900000000000007,1.0464295779214385,137.34927591741513,0.9505140201897241,0.1250436079288514,12.64174938467159,12.607201731282757
1.0000000000000007,1.0463896415102452,137.27857614635244,0.9500247484176639,0.12498996982766089,12.76673935449925,12.731499374120705
1.0100000000000007,1.0463497014117042,137.20790670747954,0.9495356865569519,0.1249363456160087,12.89167570011526,12.855736636841229
1.0200000000000007,1.0463097576160132,137.13726759293831,0.9490468345532064,0.12488273529670874,13.016558435411968,12.97991353661916
1.0300000000000007,1.046269810113384,137.06665879486894,0.9485581923520342,0.1248291388727757,13.141387574284744,13.104030090631413
1.0400000000000007,1.0462298588940457,136.99608030541,0.9480697598990312,0.12477555634702343,13.266163130631767,13.22808631605678
1.0500000000000007,1.0461899039482434,136.92553211669838,0.9475815371397811,0.12472198772246677,13.390885118354234,13.352082230076133
1.0600000000000007,1.0461499452662377,136.85501422086935,0.9470935240198571,0.12466843300191949,13.515553551356154,13.476017849872228
1.0700000000000007,1.0461099828383063,136.78452661005656,0.9466057204848205,0.12461489218829591,13.64016844354445,13.599893192629795
1.0800000000000007,1.0460700166547419,136.71406927639197,0.9461181264802212,0.1245613652845606,13.76472980882901,13.723708275535595
1.0900000000000007,1.0460300467058536,136.64364221200594,0.9456307419515982,0.12450785229352736,13.889237661122538,13.847463115778272
1.1000000000000008,1.0459900729819673,136.5732454090272,0.945143566844479,0.12445435321811048,14.013692014340648,13.971157730548446
1.1100000000000008,1.0459500954734242,136.50287885958284,0.9446566011043794,0.12440086806122433,14.138092882401873,14.094792137038718
1.1200000000000008,1.0459101141705816,136.43254255579828,0.9441698446768046,0.12434739682573288,14.262440279227606,14.218366352443617
1.1300000000000008,1.045870129063813,136.36223648979737,0.9436832975072482,0.1242939395145003,14.386734218742106,14.3418803939596
1.1400000000000008,1.045830140143508,136.2919606537023,0.9431969595411923,0.12424049613044079,14.510974714872546,14.46533427878511
1.1500000000000008,1.0457901474000724,136.2217150396336,0.942710830724108,0.12418706667641843,14.635161781548964,14.588728024120506
1.1600000000000008,1.0457501508239277,136.1514996397103,0.9422249110014553,0.12413365115524712,14.759295432704212,14.712061647168039
1.1700000000000008,1.0457101504055113,136.08131444604967,0.9417392003186829,0.12408024956984107,14.883375682274053,14.835335165131928
1.1800000000000008,1.0456701461352766,136.01115945076742,0.9412536986212279,0.12402686192311463,15.007402544197168,14.958548595218376
1.1900000000000008,1.0456301380036943,135.94103464597762,0.9407684058545164,0.1239734882178816,15.13137603241505,15.081701954635465
1.2000000000000008,1.0455901260012492,135.87094002379277,0.9402833219639638,0.12392012845695584,15.255296160872005,15.20479526059315
1.2100000000000009,1.045550110118443,135.8008755763237,0.9397984468949737,0.1238667826432516,15.379162943515256,15.327828530303368
1.2200000000000009,1.0455100903457935,135.73084129567965,0.9393137805929388,0.12381345077963292,15.502976394294889,15.450801780979985
1.2300000000000009,1.0454700666738344,135.66083717396828,0.9388293230032406,0.12376013286886343,15.626736527163752,15.573715029838691
1.2400000000000009,1.045430039093115,135.59086320329556,0.9383450740712496,0.1237068289139077,15.75044335607766,15.69656829409721
1.2500000000000009,1.045390007594201,135.5209193757659,0.9378610337423247,0.12365353891752921,15.874096894995189,15.819361590975083
1.260000000000001,1.0453499721676738,135.45100568348218,0.9373772019618144,0.12360026288254183,15.997697157877731,15.942094937693739
1.270000000000001,1.0453099328041309,135.38112211854553,0.9368935786750556,0.12354700081185989,16.121244158689592,16.06476835147658
1.280000000000001,1.0452698894941856,135.3112686730556,0.9364101638273743,0.1234937527082469,16.244737911397838,16.18738184954883
1.290000000000001,1.0452298422284672,135.24144533911036,0.9359269573640855,0.12344051857456698,16.368178429972406,16.309935449137654
1.300000000000001,1.045189790997621,135.1716521088062,0.9354439592304927,0.12338729841368412,16.491565728386092,16.432429167472126
1.310000000000001,1.0451497357923085,135.10188897423797,0.934961169371889,0.1233340922283117,16.614899820614404,16.554863021783113
1.320000000000001,1.045109676603206,135.03215592749885,0.9344785877335561,0.12328090002136398,16.738180720635768,16.67723702930345
1.330000000000001,1.045069613421007,134.96245296068048,0.9339962142607645,0.1232277217956046,16.861408442431372,16.799551207267797
1.340000000000001,1.04502954623642,134.89278006587287,0.9335140488987742,0.12317455755389754,16.98458299998527,16.92180557291275
1.350000000000001,1.0449894750401705,134.82313723516447,0.9330320915928336,0.12312140729900639,17.107704407284277,17.044000143476723
1.360000000000001,1.044949399822998,134.75352446064213,0.9325503422881808,0.12306827103374501,17.230772678318022,17.166134936200006
1.370000000000001,1.04490932057566,134.6839417343911,0.9320688009300423,0.12301514876092716,17.35378782707895,17.28820996832477
1.380000000000001,1.0448692372889283,134.61438904849513,0.9315874674636341,0.12296204048331642,17.476749867562265,17.41022525709501
1.390000000000001,1.0448291499535916,134.54486639503625,0.9311063418341609,0.12290894620377688,17.59965881376604,17.532180819756647
1.400000000000001,1.0447890585604533,134.47537376609503,0.9306254239868168,0.12285586592502182,17.722514679691063,17.654076673557377
1.410000000000001,1.044748963100334,134.40591115375042,0.930144713866785,0.1228027996498651,17.845317479340927,17.775912835746773
1.420000000000001,1.0447088635640691,134.3364785500798,0.9296642114192373,0.12274974738112046,17.96806722672205,17.89768932357628
1.430000000000001,1.0446687599425106,134.2670759471589,0.929183916589335,0.12269670912160179,18.09076393584365,18.019406154299226
1.440000000000001,1.0446286522265251,134.197703337062,0.9287038293222284,0.12264368487402237,18.21340762071767,18.141063345170704
1.450000000000001,1.0445885404069968,134.12836071186177,0.9282239495630572,0.12259067464109553,18.335998295358767,18.26266091344759
1.460000000000001,1.0445484244748242,134.0590480636293,0.9277442772569501,0.1225376784257356,18.458535973784503,18.384198876388734
1.470000000000001,1.0445083044209222,133.98976538443407,0.9272648123490247,0.12248469623065585,18.58102067001516,18.50567725125476
1.480000000000001,1.0444681802362217,133.92051266634408,0.9267855547843881,0.12243172805856964,18.70345239807373,18.627096055308062
1.490000000000001,1.0444280519116689,133.8512899014257,0.9263065045081363,0.12237877391234102,18.82583117198607,18.74845530581297
1.500000000000001,1.044387919438226,133.78209708174379,0.9258276614653549,0.12232583379463308,18.948157005780704,18.86975502003553
1.5100000000000011,1.0443477828068708,133.71293419936163,0.9253490256011185,0.12227290770820932,19.070429913488912,18.99099521524361
1.5200000000000011,1.0443076420085973,133.64380124634096,0.924870596860491,0.1222199956558334,19.192649909144745,19.112175908706913
1.5300000000000011,1.0442674970344152,133.57469821474191,0.9243923751885254,0.12216709764031909,19.314817006785063,19.233297117697006
1.5400000000000011,1.0442273478753492,133.50562509662313,0.9239143605302639,0.12211421366432945,19.43693122044939,19.354358859487185
1.5500000000000012,1.0441871945224408,133.4365818840417,0.9234365528307383,0.12206134373062807,19.55899256418002,19.475361151352573
1.5600000000000012,1.0441470369667463,133.36756856905308,0.9229589520349694,0.12200848784197854,19.681001052021998,19.59630401057011
1.5700000000000012,1.0441068751993385,133.29858514371128,0.9224815580879673,0.1219556460010941,19.80295669802309,19.71718745441851
1.5800000000000012,1.0440667092113052,133.22963160006873,0.9220043709347316,0.12190281821068817,19.92485951623378,19.838011500178272
1.5900000000000012,1.0440265389937506,133.1607079301763,0.9215273905202512,0.12185000447352423,20.046709520707306,19.958776165131706
1.6000000000000012,1.0439863645377943,133.09181412608336,0.9210506167895043,0.12179720479226541,20.168506725499572,20.079481466562846
1.6100000000000012,1.043946185834571,133.0229501798377,0.920574049687458,0.12174441916972552,20.2902511446693,20.20012742175761
1.6200000000000012,1.0439060028752325,132.95411608348556,0.9200976891590696,0.12169164760856763,20.411942792277866,20.32071404800363
1.6300000000000012,1.043865815650945,132.88531182907172,0.9196215351492852,0.12163889011145476,20.533581682389322,20.441241362590265
1.6400000000000012,1.0438256241528907,132.8165374086394,0.9191455876030408,0.12158614668115056,20.65516782907047,20.56170938280869
1.6500000000000012,1.0437854283722678,132.7477928142302,0.9186698464652608,0.12153341732041854,20.77670124639089,20.682118125951913
1.6600000000000013,1.0437452283002897,132.67907803788432,0.9181943116808604,0.12148070203182129,20.89818194842271,20.80246760931456
1.6700000000000013,1.0437050239281862,132.61039307164035,0.9177189831947429,0.12142800081822291,21.019609949240934,20.922757850193186
1.6800000000000013,1.0436648152472017,132.54173790753538,0.9172438609518019,0.12137531368218595,21.14098526292312,21.042988865885953
1.6900000000000013,1.0436246022485969,132.473112537605,0.9167689448969204,0.12132264062642369,21.262307903549544,21.16316067369281
1.7000000000000013,1.0435843849236484,132.40451695388325,0.9162942349749705,0.12126998165369979,21.383577885203245,21.283273290915524
1.7100000000000013,1.0435441632636475,132.33595114840264,0.9158197311308142,0.12121733676662698,21.50479522196987,21.40332673485753
1.7200000000000013,1.043503937259902,132.26741511319423,0.9153454333093026,0.1211647059678684,21.62595992793774,21.523321022823993
1.7300000000000013,1.0434637069037347,132.19890884028746,0.9148713414552765,0.12111208926023785,21.747072017197976,21.64325617212194
1.7400000000000013,1.0434234721864843,132.13043232171034,0.9143974555135664,0.12105948664624769,21.868131503844225,21.763132200059985
1.7500000000000013,1.0433832330995052,132.06198554948935,0.9139237754289921,0.1210068981286614,21.989138401972887,21.88294912394855
1.7600000000000013,1.0433429896341673,131.99356851564943,0.9134503011463628,0.12095432371014214,22.110092725683028,22.00270696109978
1.7700000000000014,1.0433027417818557,131.92518121221406,0.9129770326104779,0.12090176339330269,22.23099448907633,22.1224057288275
1.7800000000000014,1.043262489533971,131.85682363120517,0.9125039697661258,0.12084921718085638,22.35184370625719,22.2420454444473
1.7900000000000014,1.0432222328819307,131.78849576464324,0.9120311125580848,0.12079668507541608,22.472640391332604,22.361626125276437
1.8000000000000014,1.0431819718171662,131.72019760454722,0.9115584609311227,0.1207441670796448,22.59338455841225,22.481147788633905
1.8100000000000014,1.0431417063311255,131.65192914293453,0.9110860148299967,0.12069166319625589,22.714076221608504,22.60061045184045
1.8200000000000014,1.0431014364152713,131.58369037182115,0.9106137741994543,0.12063917342781194,22.834715395036316,22.72001413221845
1.8300000000000014,1.0430611620610826,131.51548128322153,0.910141738984232,0.120586697776976,22.95530209281329,22.839358847092
1.8400000000000014,1.0430208832600534,131.44730186914862,0.9096699091290562,0.12053423624646142,23.07583632905975,22.958644613786973
1.8500000000000014,1.0429806000036939,131.3791521216139,0.909198284578643,0.1204817888387805,23.19631811789853,23.07787144963081
1.8600000000000014,1.042940312283529,131.3110320326274,0.9087268652776982,0.12042935555664659,23.316747473455177,23.19703937195271
1.8700000000000014,1.0429000200910992,131.24294159419756,0.9082556511709173,0.12037693640267251,23.437124409857848,23.31614839808356
1.8800000000000014,1.042859723417961,131.17488079833143,0.9077846422029857,0.12032453137947109,23.55744894123732,23.435198545355906
1.8900000000000015,1.0428194222556864,131.10684963703454,0.9073138383185781,0.12027214048965512,23.677721081726972,23.55418983110397
1.9000000000000015,1.042779116595862,131.03884810231094,0.9068432394623595,0.12021976373588772,23.79794084546286,23.673122272663694
1.9100000000000015,1.0427388064300909,130.9708761861632,0.906372845578984,0.12016740112073146,23.918108246583593,23.791995887372632
1.9200000000000015,1.0426984917499909,130.9029338805924,0.9059026566130962,0.12011505264684941,24.03822329923044,23.91081069257007
1.9300000000000015,1.042658172547196,130.83502117759818,0.9054326725093299,0.12006271831680414,24.158286017547244,24.029566705596903
1.9400000000000015,1.0426178488133548,130.7671380691787,0.9049628932123094,0.12001039813315824,24.2782964156804,24.148263943795655
1.9500000000000015,1.0425775205401318,130.69928454733065,0.9044933186666481,0.11995809209862501,24.398254507779026,24.266902424510615
1.9600000000000015,1.0425371877192071,130.6314606040492,0.9040239488169496,0.11990580021571683,24.51816030799474,24.385482165087637
1.9700000000000015,1.042496850342276,130.56366623132814,0.9035547836078072,0.11985352248704649,24.638013830481786,24.504003182874253
1.9800000000000015,1.0424565084010493,130.49590142115972,0.9030858229838042,0.11980125891522683,24.757815089397013,24.622465495219664
1.9900000000000015,1.0424161618872527,130.42816616553478,0.902617066889514,0.11974900950277022,24.877564098899782,24.740869119474628
2.0000000000000013,1.0423758107926282,130.36046045644267,0.9021485152694995,0.11969677425233965,24.997260873152122,24.859214072991637
2.010000000000001,1.0423354551089326,130.2927842858713,0.9016801680683135,0.11964455316644752,25.11690542631857,24.977500373124744
2.020000000000001,1.042295094827938,130.22513764580714,0.9012120252304993,0.11959234624770664,25.236497772566278,25.095728037229673
2.0300000000000007,1.0422547299414322,130.15752052823512,0.9007440867005891,0.11954015349872982,25.356037926065007,25.213897082663813
2.0400000000000005,1.0422143604412186,130.08993292513884,0.9002763524231061,0.11948797492197917,25.475525900986987,25.33200752678608
2.0500000000000003,1.0421739863191153,130.02237482850035,0.899808822342563,0.11943581052011776,25.594961711507104,25.450059386957093
2.06,1.0421336075669558,129.9548462303003,0.8993414964034622,0.11938366029565792,25.71434537180276,25.56805268053906
2.07,1.0420932241765901,129.8873471225179,0.8988743745502968,0.11933152425111195,25.833676896053873,25.685987424895746
2.0799999999999996,1.0420528361398818,129.8198774971309,0.8984074567275495,0.11927940238909275,25.952956298442967,25.80386363739258
2.0899999999999994,1.042012443448711,129.75243734611564,0.897940742879693,0.11922729471211259,26.072183593155078,25.92168133539657
2.099999999999999,1.0419720460949728,129.68502666144695,0.89747423295119,0.11917520122278435,26.191358794377862,26.039440536276384
2.109999999999999,1.0419316440705777,129.6176454350983,0.8970079268864934,0.11912312192357007,26.310481916301434,26.157141257402213
2.1199999999999988,1.0418912373674516,129.55029365904167,0.8965418246300462,0.11907105681703234,26.429552973118465,26.274783516145856
2.1299999999999986,1.0418508259775352,129.48297132524766,0.8960759261262814,0.1190190059056835,26.54857197902415,26.392367329880692
2.1399999999999983,1.0418104098927847,129.4156784256854,0.8956102313196221,0.11896696919208619,26.667538948216237,26.50989271598171
2.149999999999998,1.0417699891051722,129.34841495232257,0.8951447401544814,0.11891494667880288,26.78645389489504,26.62735969182552
2.159999999999998,1.0417295636066843,129.2811808971255,0.8946794525752629,0.11886293836824549,26.905316833263285,26.7447682747902
2.1699999999999977,1.0416891333893232,129.213976252059,0.8942143685263599,0.1188109442630268,27.024127777526314,26.862118482255493
2.1799999999999975,1.0416486984451063,129.14680100908654,0.893749487952156,0.11875896436565918,27.142886741891974,26.979410331602708
2.1899999999999973,1.0416082587660664,129.07965516017012,0.893284810797025,0.11870699867860471,27.26159374057058,27.09664384021467
2.199999999999997,1.0415678143442513,129.01253869727034,0.8928203370053311,0.1186550472043757,27.380248787774953,27.21381902547578
2.209999999999997,1.0415273651717245,128.9454516123464,0.8923560665214284,0.11860310994548452,27.49885189772044,27.330935904771994
2.2199999999999966,1.0414869112405636,128.87839389735606,0.8918919992896613,0.11855118690444347,27.617403084624883,27.447994495490843
2.2299999999999964,1.0414464525428628,128.81136554425566,0.8914281352543645,0.11849927808376493,27.735902362708647,27.564994815021418
2.239999999999996,1.041405989070731,128.74436654500016,0.8909644743598627,0.1184473834859109,27.854349746194558,27.681936880754336
2.249999999999996,1.0413655208162917,128.6773968915431,0.8905010165504713,0.11839550311334356,27.972745249307902,27.798820710081724
2.259999999999996,1.0413250477716847,128.61045657583662,0.8900377617704957,0.11834363696862542,28.091088886276527,27.91564632039732
2.2699999999999956,1.041284569929064,128.54354558983144,0.8895747099642314,0.11829178505416842,28.209380671330695,28.032413729096344
2.2799999999999954,1.0412440872805995,128.47666392547688,0.8891118610759646,0.11823994737248476,28.32762061870318,28.149122953575567
2.289999999999995,1.0412035998184759,128.4098115747209,0.8886492150499715,0.11818812392603663,28.445808742629215,28.265774011233283
2.299999999999995,1.0411631075348928,128.34298852951,0.888186771830519,0.1181363147172861,28.5639450573465,28.382366919469302
2.3099999999999947,1.0411226104220657,128.27619478178934,0.8877245313618639,0.11808451974869519,28.682029577095197,28.498901695684946
2.3199999999999945,1.0410821084722248,128.20943032350266,0.8872624935882537,0.11803273902277633,28.800062316117973,28.615378357283106
2.3299999999999943,1.0410416016776154,128.1426951465923,0.886800658453926,0.1179809725419413,28.918043288659913,28.731796921668135
2.339999999999994,1.041001090030498,128.07598924299927,0.8863390259031091,0.11792922030860195,29.035972508968516,28.84815740624586
2.349999999999994,1.0409605735231482,128.00931260466314,0.8858775958800217,0.11787748232527062,29.153849991293786,28.964459828423664
2.3599999999999937,1.040920052147857,127.94266522352207,0.8854163683288725,0.11782575859443452,29.27167574988822,29.080704205610473
2.3699999999999934,1.0408795258969301,127.87604709151292,0.884955343193861,0.11777404911843013,29.389449799006652,29.19689055521661
2.3799999999999932,1.0408389947626886,127.80945820057109,0.8844945204191771,0.11772235389979488,29.507172152906445,29.313018894653975
2.389999999999993,1.0407984587374686,127.74289854263066,0.8840338999490011,0.11767067294089038,29.624842825847335,29.429089241335895
2.399999999999993,1.0407579178136213,127.67636810962429,0.8835734817275037,0.11761900624420385,29.74246183209154,29.545101612677232
2.4099999999999926,1.0407173719835126,127.60986689348333,0.8831132656988465,0.11756735381209685,29.860029185903635,29.661056026094265
2.4199999999999924,1.040676821239524,127.54339488613769,0.8826532518071812,0.11751571564705666,29.97754490155069,29.776952499004807
2.429999999999992,1.0406362655740526,127.47695207951595,0.8821934399966502,0.11746409175146992,30.09500899330216,29.892791048828116
2.439999999999992,1.0405957049795087,127.41053846554533,0.8817338302113864,0.11741248212774852,30.212421475429906,30.008571692984916
2.4499999999999917,1.0405551394483197,127.34415403615165,0.8812744223955131,0.11736088677832941,30.329782362208235,30.124294448897416
2.4599999999999915,1.0405145689729265,127.27779878325939,0.8808152164931445,0.11730930570562442,30.44709166791386,30.23995933398929
2.4699999999999913,1.040473993545786,127.21147269879164,0.880356212448385,0.11725773891204543,30.564349406825905,30.35556636568568
2.479999999999991,1.04043341315937,127.1451757746702,0.8798974102053301,0.11720618639992882,30.681555593225834,30.47111556141311
2.489999999999991,1.0403928278061647,127.07890800281545,0.8794388097080654,0.11715464817171166,30.798710241397547,30.5866069385996
2.4999999999999907,1.0403522374786718,127.01266937514646,0.8789804109006676,0.1171031242298057,30.915813365627354,30.702040514674636
2.5099999999999905,1.0403116421694083,126.9464598835809,0.8785222137272034,0.11705161457659773,31.032864980203954,30.81741630706913
2.5199999999999902,1.0402710418709051,126.88027952003515,0.8780642181317311,0.11700011921442419,31.149865099418378,30.932734333215393
2.52999999999999,1.0402304365757096,126.81412827642417,0.8776064240582988,0.11694863814574717,31.266813737564124,31.04799461054725
2.53999999999999,1.040189826276383,126.74800614466166,0.8771488314509457,0.11689717137285288,31.383710908936976,31.16319715649986
2.5499999999999896,1.0401492109655015,126.68191311665991,0.8766914402537018,0.1168457188981783,31.500556627835156,31.278341988509872
2.5599999999999894,1.040108590635657,126.6158491843299,0.8762342504105876,0.11679428072408504,31.617350908559242,31.393429124015352
2.569999999999989,1.0400679652794562,126.54981433958127,0.8757772618656143,0.11674285685290953,31.73409376541215,31.50845858045575
2.579999999999989,1.0400273348895201,126.48380857432231,0.8753204745627842,0.11669144728706364,31.850785212699215,31.62343037527198
2.5899999999999888,1.0399866994584852,126.41783188045999,0.8748638884460899,0.1166400520288587,31.967425264728075,31.73834452590632
2.5999999999999885,1.0399460589790026,126.35188424989992,0.874407503459515,0.11658867108068142,32.084013935808755,31.853201049802486
2.6099999999999883,1.0399054134437389,126.28596567454646,0.8739513195470343,0.11653730444481807,32.200551240253574,31.967999964405532
2.619999999999988,1.0398647628453748,126.22007614630255,0.8734953366526128,0.11648595212370558,32.31703719237728,32.082741287162
2.629999999999988,1.0398241071766066,126.15421565706984,0.8730395547202066,0.11643461411963017,32.43347180649691,32.19742503551977
2.6399999999999877,1.039783446430145,126.08838419874867,0.8725839736937624,0.1163832904349534,32.549855096931864,32.312051226928126
2.6499999999999875,1.0397427805987156,126.02258176323805,0.8721285935172184,0.11633198107198671,32.66618707800385,32.42661987883773
2.6599999999999873,1.0397021096750596,125.95680834243566,0.8716734141345028,0.11628068603309161,32.782467764036944,32.54113100870064
2.669999999999987,1.0396614336519323,125.89106392823788,0.8712184354895355,0.11622940532057949,32.898697169357526,32.65558463397029
2.679999999999987,1.039620752522104,125.82534851253978,0.8707636575262269,0.11617813893676171,33.014875308294286,32.769980772101476
2.6899999999999866,1.03958006627836,125.75966208723509,0.8703090801884781,0.11612688688397471,33.13100219517826,32.88431944055037
2.6999999999999864,1.039539374913501,125.69400464421625,0.8698547034201817,0.11607564916452981,33.24707784434279,32.998600656774514
2.709999999999986,1.039498678420341,125.62837617537441,0.8694005271652209,0.11602442578071329,33.363102270123505,33.112824438232785
2.719999999999986,1.0394579767917105,125.56277667259938,0.8689465513674698,0.11597321673488672,33.47907548685839,33.226990802385465
2.7299999999999858,1.0394172700204538,125.49720612777969,0.8684927759707937,0.11592202202931119,33.5949975088877,33.341099766694164
2.7399999999999856,1.0393765580994303,125.43166453280256,0.8680392009190488,0.11587084166629807,33.710868350554,33.45515134862185
2.7499999999999853,1.0393358410215146,125.36615187955393,0.8675858261560825,0.11581967564810845,33.82668802620211,33.56914556563278
2.759999999999985,1.0392951187795956,125.30066815991842,0.8671326516257329,0.11576852397707882,33.942456550179195,33.68308243519263
2.769999999999985,1.0392543913665768,125.23521336577936,0.8666796772718295,0.11571738665549536,34.05817393683469,33.79696197476839
2.7799999999999847,1.0392136587753773,125.1697874890188,0.8662269030381924,0.1156662636856192,34.17384020052031,33.910784201828356
2.7899999999999845,1.0391729209989302,125.10439052151749,0.8657743288686331,0.11561515506976165,34.28945535559007,34.024549133842214
2.7999999999999843,1.0391321780301839,125.03902245515489,0.8653219547069543,0.11556406081015877,34.40501941640023,34.13825678828092
2.809999999999984,1.039091429862101,124.9736832818092,0.8648697804969495,0.1155129809090967,34.520532397309324,34.251907182616755
2.819999999999984,1.0390506764876595,124.9083729933573,0.8644178061824035,0.11546191536886172,34.635994312678186,34.36550033432336
2.8299999999999836,1.0390099178998518,124.84309158167483,0.8639660317070922,0.11541086419168975,34.75140517686987,34.47903626087563
2.8399999999999834,1.0389691540916848,124.77783903863612,0.8635144570147828,0.11535982737984193,34.866765004249714,34.59251497974981
2.849999999999983,1.0389283850561806,124.71261535611423,0.8630630820492334,0.1153088049356045,34.982073809185316,34.70593650842344
2.859999999999983,1.0388876107863758,124.64742052598096,0.8626119067541935,0.1152577968611883,35.0973316060465,34.81930086437536
2.869999999999983,1.0388468312753216,124.58225454010683,0.8621609310734036,0.11520680315887952,35.21253840920538,34.9326080650857
2.8799999999999826,1.0388060465160842,124.5171173903611,0.8617101549505958,0.11515582383088903,35.32769423303627,35.0458581280359
2.8899999999999824,1.0387652565017442,124.45200906861173,0.861259578329493,0.11510485887947795,35.442799091915745,35.15905107070868
2.899999999999982,1.0387244612253972,124.38692956672547,0.8608092011538094,0.11505390830685715,35.5578530002226,35.27218691058802
2.909999999999982,1.0386836606801528,124.32187887656775,0.8603590233672509,0.1150029721153128,35.67285597233791,35.38526566515925
2.9199999999999817,1.0386428548591364,124.25685699000279,0.859909044913514,0.11495205030700555,35.78780802264492,35.4982873519089
2.9299999999999815,1.038602043755487,124.19186389889352,0.8594592657362873,0.11490114288419646,35.90270916552911,35.6112519883248
2.9399999999999813,1.0385612273623586,124.12689959510163,0.8590096857792501,0.11485024984907133,36.01755941537818,35.72415959189605
2.949999999999981,1.0385204056729203,124.06196407048755,0.8585603049860729,0.11479937120391628,36.132358786582095,35.83701018011304
2.959999999999981,1.0384795786803551,123.99705731691044,0.8581111233004183,0.114748506950892,36.247107293532984,35.9498037704674
2.9699999999999807,1.0384387463778615,123.93217932622827,0.8576621406659396,0.11469765709218421,36.36180495062517,36.062540380451985
2.9799999999999804,1.0383979087586512,123.86733009029768,0.8572133570262815,0.114646821630054,36.476451772255224,36.17522002756096
2.9899999999999802,1.0383570658159524,123.80250960097415,0.8567647723250806,0.11459600056666198,36.59104777282189,36.2878427292897
2.99999999999998,1.0383162175430063,123.73771785011186,0.8563163865059644,0.11454519390419383,36.70559296672608,36.40040850313481
3.00999999999998,1.0382753639330695,123.67295482956379,0.8558681995125522,0.11449440164486051,36.82008736837094,36.512917366594166
3.0199999999999796,1.038234504979413,123.60822053118163,0.8554202112884541,0.1144436237908979,36.93453099216184,36.625369337166916
3.0299999999999794,1.0381936406753227,123.5435149468159,0.8549724217772727,0.11439286034436617,37.048923852506206,36.73776443235332
3.039999999999979,1.0381527710140985,123.47883806831585,0.854524830922601,0.1143421113075515,37.16326596381376,36.85010266965497
3.049999999999979,1.038111895989055,123.4141898875295,0.8540774386680242,0.11429137668258942,37.277557340496344,36.96238406657466
3.0599999999999787,1.0380710155935218,123.34957039630363,0.8536302449571186,0.11424065647169072,37.39179799696804,37.07460864061641
3.0699999999999785,1.0380301298208423,123.28497958648383,0.853183249733452,0.11418995067696583,37.505987947645,37.18677640928543
3.0799999999999783,1.0379892386643754,123.22041744991444,0.8527364529405843,0.11413925930060047,37.620127206945604,37.29888739008814
3.089999999999978,1.0379483421174938,123.1558839784386,0.8522898545220664,0.11408858234473009,37.73421578929033,37.410941600532155
3.099999999999978,1.0379074401735846,123.0913791638982,0.8518434544214408,0.11403791981156554,37.8482537091019,37.522939058126354
3.1099999999999777,1.0378665328260506,123.02690299813395,0.8513972525822419,0.11398727170319209,37.96224098080509,37.63487978038074
3.1199999999999775,1.0378256200683071,122.96245547298531,0.8509512489479952,0.11393663802182058,38.07617761882691,37.74676378480658
3.1299999999999772,1.0377847018937862,122.89803658029057,0.8505054434622185,0.11388601876953625,38.190063637596445,37.85859108891626
3.139999999999977,1.0377437782959325,122.83364631188675,0.8500598360684204,0.11383541394852484,38.30389905154497,37.97036171022343
3.149999999999977,1.0377028492682063,122.76928465960972,0.8496144267101019,0.11378482356089668,38.417683875105865,38.082075666242865
3.1599999999999766,1.0376619148040822,122.70495161529414,0.8491692153307553,0.11373424760876218,38.531418122714626,38.19373297449051
3.1699999999999764,1.0376209748970486,122.64064717077342,0.8487242018738645,0.11368368609428188,38.64510180880891,38.305333652483526
3.179999999999976,1.0375800295406088,122.5763713178798,0.8482793862829052,0.11363313901959132,38.7587349478285,38.41687771774024
3.189999999999976,1.0375390787282812,122.51212404844435,0.847834768501345,0.11358260638675059,38.87231755421525,38.52836518778011
3.1999999999999758,1.0374981224535977,122.44790535429689,0.8473903484726428,0.1135320881979203,38.98584964241317,38.63979608012378
3.2099999999999755,1.0374571607101049,122.3837152272661,0.8469461261402498,0.11348158445518569,39.09933122686836,38.75117041229304
3.2199999999999753,1.0374161934913637,122.31955365917942,0.8465021014476084,0.11343109516065712,39.212762322029015,38.86248820181083
3.229999999999975,1.03737522079095,122.25542064186313,0.8460582743381532,0.11338062031647005,39.326142942345484,38.97374946620127
3.239999999999975,1.0373342426024532,122.1913161671423,0.84561464475531,0.11333015992468463,39.43947310227017,39.0849542229896
3.2499999999999747,1.0372932589194779,122.12724022684087,0.8451712126424974,0.11327971398738612,39.55275281625756,39.196102489702184
3.2599999999999745,1.0372522697356428,122.06319281278155,0.8447279779431249,0.11322928250665967,39.66598209876422,39.30719428386651
3.2699999999999743,1.037211275044581,121.99917391678588,0.8442849406005943,0.11317886548464082,39.77916096424886,39.41822962301126
3.279999999999974,1.0371702748399398,121.93518353067421,0.843842100558299,0.11312846292338971,39.89228942717225,39.529208524666224
3.289999999999974,1.0371292691153813,121.87122164626574,0.8433994577596244,0.11307807482496642,40.00536750199722,39.64013100636229
3.2999999999999736,1.0370882578645813,121.80728825537848,0.8429570121479479,0.11302770119145616,40.118395203188676,39.75099708563148
3.3099999999999734,1.0370472410812308,121.74338334982929,0.8425147636666387,0.11297734202491908,40.231372545213596,39.86180678000693
3.319999999999973,1.0370062187590339,121.67950692143386,0.8420727122590578,0.11292699732739017,40.34429954254099,39.97256010702285
3.329999999999973,1.0369651908917106,121.61565896200668,0.8416308578685583,0.11287666710100491,40.45717620964199,40.08325708421464
3.3399999999999728,1.036924157472994,121.5518394633611,0.8411892004384851,0.11282635134777316,40.570002560989764,40.19389772911873
3.3499999999999726,1.036883118496632,121.48804841730933,0.8407477399121753,0.11277605006975502,40.68277861105952,40.3044820592727
3.3599999999999723,1.0368420739563868,121.4242858156624,0.8403064762329578,0.11272576326896039,40.79550437432848,40.41501009221516
3.369999999999972,1.0368010238460348,121.36055165023018,0.8398654093441534,0.11267549094749962,40.90817986527598,40.52548184548588
3.379999999999972,1.0367599681593669,121.2968459128214,0.8394245391890754,0.11262523310735745,41.02080509838334,40.635897336625646
3.3899999999999717,1.036718906890188,121.23316859524363,0.8389838657110286,0.112574989750594,41.13338008813393,40.74625658317637
3.3999999999999715,1.0366778400323176,121.16951968930327,0.8385433888533098,0.11252476087926937,41.2459048490132,40.85655960268107
3.4099999999999713,1.0366367675795887,121.10589918680563,0.8381031085592086,0.11247454649534318,41.35837939550854,40.96680641268376
3.419999999999971,1.0365956895258497,121.04230707955482,0.8376630247720056,0.11242434660090066,41.470803742109446,41.0769970307296
3.429999999999971,1.0365546058649624,120.97874335935383,0.8372231374349746,0.11237416119792658,41.58317790330737,41.18713147436476
3.4399999999999706,1.0365135165908033,120.91520801800452,0.8367834464913808,0.1123239902884308,41.695501893595804,41.29720976113648
3.4499999999999704,1.0364724216972627,120.8517010473076,0.8363439518844816,0.11227383387444831,41.80777572747025,41.40723190859307
3.45999999999997,1.0364313211782459,120.78822243906266,0.8359046535575271,0.11222369195793874,41.91999941942819,41.51719793428386
3.46999999999997,1.0363902150276711,120.72477218506813,0.8354655514537587,0.11217356454098727,42.032172983969176,41.6271078557593
3.47999999999997,1.0363491032394725,120.66135027712133,0.8350266455164106,0.11212345162552848,42.144296435594704,41.73696169057082
3.4899999999999696,1.0363079858075963,120.59795670701845,0.834587935688709,0.11207335321354707,42.25636978880825,41.84675945627089
3.4999999999999694,1.036266862726005,120.53459146655456,0.8341494219138724,0.112023269307078,42.36839305811533,41.95650117041305
3.509999999999969,1.0362257339886742,120.4712545475236,0.8337111041351114,0.11197319990805583,42.48036625802339,42.06618685055182
3.519999999999969,1.0361845995895937,120.40794594171838,0.833272982295629,0.11192314501851551,42.5922894030419,42.17581651424281
3.5299999999999687,1.0361434595227674,120.3446656409306,0.8328350563386201,0.11187310464041668,42.70416250768232,42.28539017904262
3.5399999999999685,1.036102313782214,120.28141363695084,0.8323973262072722,0.11182307877571898,42.81598558645804,42.39490786250887
3.5499999999999683,1.036061162361966,120.21818992156861,0.8319597918447654,0.11177306742635684,42.927758653884396,42.504369582200155
3.559999999999968,1.0360200052560697,120.15499448657224,0.8315224531942715,0.11172307059436533,43.03948172447876,42.61377535567614
3.569999999999968,1.0359788424585856,120.09182732374897,0.8310853101989548,0.11167308828167886,43.15115481276044,42.72312520049748
3.5799999999999677,1.035937673963589,120.02868842488498,0.8306483628019722,0.11162312049023199,43.26277793325067,42.83241913422581
3.5899999999999674,1.0358964997651685,119.96557778176528,0.8302116109464724,0.11157316722200944,43.37435110047268,42.941657174423796
3.5999999999999672,1.0358553198574272,119.90249538617383,0.8297750545755974,0.11152322847892063,43.4858743289516,43.05083933865505
3.609999999999967,1.0358141342344822,119.83944122989345,0.8293386936324807,0.11147330426295023,43.597347633214554,43.159965644484224
3.619999999999967,1.035772942890465,119.77641530470592,0.8289025280602486,0.11142339457598252,43.70877102779053,43.26903610947688
3.6299999999999666,1.0357317458195208,119.71341760239187,0.8284665578020198,0.11137349942000226,43.82014452721054,43.37805075119963
3.6399999999999664,1.0356905430158088,119.65044811473086,0.8280307828009056,0.11132361879691884,43.931468146007454,43.48700958722003
3.649999999999966,1.0356493344735027,119.58750683350137,0.8275952030000094,0.11127375270866671,44.04274189871612,43.59591263510662
3.659999999999966,1.0356081201867897,119.52459375048076,0.8271598183424275,0.11122390115715525,44.153965799873276,43.70475991242889
3.6699999999999657,1.035566900149872,119.46170885744534,0.8267246287712481,0.11117406414431902,44.2651398640176,43.81355143675732
3.6799999999999655,1.0355256743569643,119.39885214617034,0.8262896342295525,0.11112424167204217,44.37626410568964,43.922287225663304
3.6899999999999653,1.0354844428022971,119.33602360842987,0.8258548346604143,0.11107443374228441,44.487338539431924,44.03096729671923
3.699999999999965,1.0354432054801135,119.273223235997,0.8254202300068996,0.11102464035690478,44.59836317978883,44.13959166749843
3.709999999999965,1.0354019623846715,119.2104510206437,0.8249858202120671,0.11097486151781276,44.70933804130664,44.248160355575145
3.7199999999999647,1.0353607135102425,119.1477069541409,0.8245516052189682,0.11092509722691762,44.820263138533555,44.3566733785246
3.7299999999999645,1.0353194588511125,119.08499102825841,0.8241175849706465,0.11087534748612882,44.931138486019684,44.465130753922956
3.7399999999999642,1.0352781984015806,119.02230323476502,0.8236837594101385,0.11082561229730543,45.04196409831699,44.573532499347294
3.749999999999964,1.0352369321559611,118.95964356542842,0.8232501284804735,0.11077589166233172,45.15273998997932,44.6818786323756
3.759999999999964,1.0351956601085814,118.89701201201527,0.8228166921246731,0.11072618558309193,45.26346617556241,44.790169170586815
3.7699999999999636,1.035154382253783,118.83440856629115,0.8223834502857519,0.11067649406144521,45.37414266962385,44.89840413156077
3.7799999999999634,1.0351130985859214,118.77183322002058,0.8219504029067168,0.1106268170992758,45.484769486723124,45.00658353287821
3.789999999999963,1.0350718090993665,118.70928596496702,0.8215175499305676,0.11057715469849307,45.595346641421614,45.114707392120856
3.799999999999963,1.035030513788501,118.64676679289289,0.8210848913002968,0.11052750686090587,45.70587414828252,45.222775726871276
3.8099999999999627,1.0349892126477227,118.58427569555955,0.8206524269588896,0.11047787358837337,45.81635202187089,45.33078855471294
3.8199999999999625,1.0349479056714428,118.5218126647273,0.8202201568493239,0.11042825488280494,45.926780276753696,45.43874589323026
3.8299999999999623,1.0349065928540866,118.45937769215544,0.8197880809145706,0.11037865074595922,46.037158927499654,45.54664776000847
3.839999999999962,1.034865274190093,118.39697076960216,0.8193561990975928,0.11032906117977068,46.14748798867942,45.65449417263377
3.849999999999962,1.0348239496739153,118.33459188882466,0.8189245113413471,0.11027948618602308,46.257767474865446,45.76228514869319
3.8599999999999617,1.0347826193000198,118.27224104157908,0.8184930175887826,0.11022992576657555,46.36799740063202,45.87002070577465
3.8699999999999615,1.034741283062888,118.20991821962052,0.818061717782841,0.11018037992326213,46.478177780555285,45.97770086146698
3.8799999999999613,1.034699940957014,118.14762341470306,0.8176306118664571,0.11013084865789163,46.588308629213174,46.08532563335982
3.889999999999961,1.0346585929769063,118.08535661857974,0.8171996997825587,0.11008133197232324,46.6983899611855,46.192895039043755
3.899999999999961,1.0346172391170876,118.02311782300256,0.8167689814740662,0.11003182986834069,46.80842179105384,46.300409096110165
3.9099999999999606,1.0345758793720938,117.96090701972253,0.816338456883893,0.10998234234777798,46.918404133401616,46.40786782215132
3.9199999999999604,1.034534513736475,117.89872420048958,0.8159081259549452,0.10993286941244403,47.02833700281406,46.51527123476034
3.92999999999996,1.034493142204795,117.83656935705267,0.8154779886301222,0.10988341106414765,47.13822041387821,46.6226193515312
3.93999999999996,1.0344517647716314,117.77444248115971,0.8150480448523163,0.10983396730467267,47.24805438118288,46.729912190058705
3.9499999999999598,1.034410381431576,117.7123435645576,0.8146182945644125,0.10978453813585302,47.35783891931874,46.83714976793853
3.9599999999999596,1.034368992179234,117.65027259899223,0.8141887377092888,0.1097351235594474,47.467574042878184,46.94433210276714
3.9699999999999593,1.034327597009224,117.58822957620846,0.8137593742298164,0.1096857235772898,47.57725976645548,47.05145921214192
3.979999999999959,1.0342861959161795,117.52621448795018,0.8133302040688594,0.10963633819108858,47.686896104646564,47.158531113660956
3.989999999999959,1.0342447888947466,117.46422732596022,0.8129012271692749,0.109586967402728,47.79648307204929,47.26554782492329
3.9999999999999587,1.0342033759395861,117.40226808198045,0.8124724434739131,0.10953761121389133,47.90602068326318,47.37250936352868
4.009999999999959,1.0341619570453722,117.34033674775172,0.8120438529256174,0.10948826962638745,48.01550895288957,47.479415747077745
4.019999999999959,1.0341205322067923,117.27843331501387,0.811615455467224,0.1094389426420001,48.12494789553157,47.58626699317192
4.0299999999999585,1.0340791014185489,117.21655777550575,0.8111872510415623,0.10938963026248795,48.23433752579406,47.693063119413445
4.039999999999958,1.0340376646753564,117.1547101209652,0.8107592395914547,0.10934033248960963,48.34367785828367,47.79980414340537
4.049999999999958,1.0339962219719445,117.09289034312913,0.8103314210597171,0.10929104932507347,48.45296890760874,47.906490082751475
4.059999999999958,1.0339547733030563,117.03109843373338,0.8099037953891584,0.10924178077068843,48.56221068837943,48.013120955056415
4.069999999999958,1.0339133186634475,116.96933438451283,0.8094763625225802,0.10919252682818795,48.67140321520762,48.11969677792561
4.079999999999957,1.0338718580478892,116.90759818720142,0.8090491224027779,0.10914328749928046,48.7805465027069,48.22621756896523
4.089999999999957,1.0338303914511648,116.84588983353201,0.8086220749725399,0.10909406278577484,48.88964056549267,48.3326833457823
4.099999999999957,1.0337889188680722,116.78420931523658,0.8081952201746476,0.10904485268932917,48.998685418182,48.439094125984546
4.109999999999957,1.0337474402934226,116.72255662404608,0.807768557951876,0.10899565721170218,49.1076810753937,48.54544992718049
4.119999999999957,1.0337059557220407,116.66093175169048,0.8073420882469929,0.10894647635462733,49.216627551748324,48.65175076697944
4.129999999999956,1.0336644651487654,116.59933468989881,0.8069158110027599,0.10889731011981299,49.32552486186814,48.757996662991445
4.139999999999956,1.033622968568449,116.53776543039909,0.8064897261619314,0.1088481585089927,49.43437302037713,48.864187632827324
4.149999999999956,1.0335814659759572,116.47622396491839,0.8060638336672553,0.10879902152387483,49.543172041901,48.97032369409867
4.159999999999956,1.0335399573661697,116.41471028518282,0.8056381334614728,0.10874989916614267,49.651921941067144,49.076404864417775
4.1699999999999555,1.0334984427339795,116.35322438291753,0.8052126254873185,0.10870079143750458,49.76062273250465,49.1824311613977
4.179999999999955,1.0334569220742935,116.29176624984669,0.8047873096875203,0.10865169833969407,49.86927443084434,49.288402602652276
4.189999999999955,1.0334153953820318,116.23033587769352,0.8043621860047995,0.1086026198743693,49.97787705071871,49.39431920579603
4.199999999999955,1.0333738626521287,116.1689332581803,0.8039372543818706,0.10855355604321351,50.08643060676192,49.50018098844422
4.209999999999955,1.0333323238795316,116.10755838302835,0.8035125147614418,0.1085045068479351,50.19493511360986,49.60598796821286
4.2199999999999545,1.0332907790592016,116.046211243958,0.8030879670862145,0.10845547229024247,50.303390585900104,49.7117401627187
4.229999999999954,1.0332492281861134,115.98489183268867,0.8026636112988835,0.10840645237176859,50.41179703827187,49.817437589579164
4.239999999999954,1.0332076712552556,115.92360014093886,0.8022394473421375,0.10835744709417168,50.52015448536604,49.92308026641239
4.249999999999954,1.0331661082616295,115.86233616042607,0.8018154751586579,0.10830845645916005,50.628462941825205,50.028668210837274
4.259999999999954,1.0331245392002508,115.80109988286688,0.8013916946911203,0.10825948046839189,50.736722422293596,50.134201440473376
4.269999999999953,1.033082964066148,115.73989129997693,0.8009681058821932,0.10821051912352532,50.84493294141712,50.23967997294099
4.279999999999953,1.033041382854364,115.67871040347096,0.8005447086745395,0.10816157242616824,50.95309451384329,50.34510382586105
4.289999999999953,1.0329997955599546,115.61755718506271,0.8001215030108146,0.10811264037805414,51.06120715422134,50.45047301685526
4.299999999999953,1.032958202177989,115.55643163646504,0.799698488833668,0.1080637229807658,51.16927087720211,50.555787563545955
4.3099999999999525,1.0329166027035503,115.49533374938986,0.799275666085743,0.10801482023596139,51.27728569743807,50.66104748355615
4.319999999999952,1.0328749971317355,115.43426351554815,0.7988530347096758,0.10796593214529901,51.385251629583365,50.7662527945096
4.329999999999952,1.0328333854576535,115.37322092664998,0.7984305946480967,0.1079170587104117,51.49316868829378,50.871403514030696
4.339999999999952,1.0327917676764282,115.31220597440449,0.7980083458436297,0.1078681999328822,51.60103688822666,50.976499659744476
4.349999999999952,1.0327501437831967,115.25121865051992,0.7975862882388921,0.10781935581436872,51.70885624404103,51.08154124927667
4.3599999999999515,1.0327085137731091,115.19025894670357,0.7971644217764953,0.10777052635647909,51.81662677039751,51.18652830025365
4.369999999999951,1.0326668776413293,115.12932685466181,0.7967427463990436,0.10772171156087144,51.92434848195838,51.2914608303025
4.379999999999951,1.0326252353830343,115.06842236610015,0.796321262049136,0.10767291142910347,52.03202139338749,51.39633885705089
4.389999999999951,1.0325835869934146,115.00754547272315,0.7958999686693644,0.10762412596280818,52.139645519350296,51.501162398127185
4.399999999999951,1.0325419324676748,114.94669616623449,0.7954788662023148,0.10757535516356832,52.247220874513864,51.60593147116035
4.40999999999995,1.032500271801032,114.88587443833691,0.7950579545905668,0.10752659903301694,52.35474747354688,51.71064609378005
4.41999999999995,1.0324586049887174,114.8250802807323,0.794637233776694,0.10747785757271162,52.46222533111959,51.81530628361652
4.42999999999995,1.032416932025975,114.76431368512159,0.7942167037032636,0.10742913078426036,52.56965446190385,51.919912058300675
4.43999999999995,1.0323752529080625,114.70357464320487,0.7937963643128365,0.10738041866924584,52.677034880573096,52.02446343546402
4.4499999999999496,1.032333567630251,114.64286314668131,0.7933762155479676,0.10733172122925087,52.78436660180235,52.128960432738715
4.459999999999949,1.032291876187825,114.58217918724918,0.7929562573512055,0.10728303846583308,52.89164964026818,52.23340306775749
4.469999999999949,1.0322501785760823,114.52152275660588,0.7925364896650926,0.10723437038060037,52.99888401064878,52.337791358153765
4.479999999999949,1.032208474790334,114.46089384644792,0.7921169124321655,0.10718571697506016,53.10606972762384,52.44212532156146
4.489999999999949,1.0321667648259045,114.4002924484709,0.7916975255949543,0.10713707825084544,53.213206805874684,52.546404975615204
4.4999999999999485,1.0321250486781322,114.33971855436958,0.7912783290959833,0.10708845420948872,53.32029526008417,52.65063033795018
4.509999999999948,1.0320833263423672,114.27917215583781,0.7908593228777703,0.10703984485252258,53.427335104936695,52.754801426202164
4.519999999999948,1.0320415978139748,114.21865324456859,0.7904405068828276,0.10699125018150461,53.534326355118196,52.858918258007506
4.529999999999948,1.0319998630883322,114.15816181225401,0.790021881053661,0.1069426701979925,53.64126902531619,52.962980851003174
4.539999999999948,1.0319581221608312,114.09769785058532,0.7896034453327704,0.10689410490351874,53.74816313021971,53.0669892228267
4.549999999999947,1.0319163750268756,114.0372613512529,0.7891851996626498,0.10684555429961587,53.855008684519326,53.1709433911162
4.559999999999947,1.0318746216818833,113.97685230594621,0.788767143985787,0.10679701838786668,53.96180570290719,53.27484337351039
4.569999999999947,1.0318328621212849,113.91647070635392,0.7883492782446638,0.10674849716972828,54.06855420007692,53.37868918764852
4.579999999999947,1.0317910963405252,113.85611654416381,0.7879316023817565,0.10669999064673322,54.17525419072365,53.48248085117037
4.589999999999947,1.031749324335061,113.79578981106279,0.7875141163395348,0.10665149882043914,54.28190568954409,53.586218381716364
4.599999999999946,1.0317075461003635,113.73549049873692,0.7870968200604631,0.10660302169232831,54.38850871123642,53.689901796927415
4.609999999999946,1.0316657616319167,113.67521859887141,0.7866797134869994,0.1065545592639333,54.49506327050035,53.793531114445024
4.619999999999946,1.0316239709252173,113.61497410315063,0.786262796561596,0.10650611153671119,54.60156938203706,53.897106351911184
4.629999999999946,1.0315821739757762,113.55475700325806,0.7858460692266994,0.10645767851224482,54.708027060549306,54.00062752696851
4.6399999999999455,1.0315403707791164,113.49456729087638,0.78542953142475,0.10640926019196616,54.81443632074127,54.1040946572601
4.649999999999945,1.0314985613307752,113.43440495768739,0.7850131830981827,0.10636085657738263,54.920797177318654,54.20750776042959
4.659999999999945,1.0314567456263029,113.37426999537209,0.7845970241894262,0.10631246766997653,55.027109644988634,54.31086685412115
4.669999999999945,1.031414923661262,113.3141623956106,0.7841810546409038,0.10626409347125525,55.13337373845989,54.41417195597948
4.679999999999945,1.0313730954312292,113.25408215008221,0.7837652743950326,0.10621573398267595,55.23958947244256,54.51742308364978
4.689999999999944,1.031331260931794,113.1940292504654,0.7833496833942243,0.10616738920572087,55.34575686164828,54.620620254777805
4.699999999999944,1.0312894201585592,113.13400368843782,0.7829342815808845,0.1061190591418472,55.45187592079013,54.72376348700976
4.709999999999944,1.0312475731071409,113.07400545567623,0.7825190688974133,0.10607074379256233,55.557946664582694,54.82685279799244
4.719999999999944,1.0312057197731677,113.01403454385665,0.7821040452862053,0.10602244315924805,55.66396910774194,54.929888205373025
4.729999999999944,1.0311638601522817,112.95409094465423,0.7816892106896486,0.10597415724343688,55.76994326498538,55.0328697267993
4.739999999999943,1.0311219942401384,112.89417464974328,0.7812745650501265,0.10592588604656084,55.87586915103194,55.135797379919495
4.749999999999943,1.0310801220324062,112.83428565079733,0.7808601083100161,0.10587762957005196,55.981746780601995,55.23867118238233
4.759999999999943,1.0310382435247667,112.77442393948908,0.7804458404116892,0.10582938781534229,56.087576168417336,55.341491151837
4.769999999999943,1.0309963587129145,112.71458950749042,0.7800317612975115,0.10578116078391409,56.19335732920125,55.444257305933206
4.7799999999999425,1.030954467592557,112.65478234647239,0.7796178709098435,0.1057329484771994,56.299090277678445,55.54696966232113
4.789999999999942,1.0309125701594148,112.59500244810529,0.7792041691910401,0.10568475089655488,56.404775028575,55.64962823865137
4.799999999999942,1.0308706664092224,112.53524980405857,0.7787906560834503,0.10563656804348791,56.51041159661849,55.75223305257503
4.809999999999942,1.0308287563377263,112.47552440600087,0.7783773315294178,0.10558839991938031,56.61599999653787,55.85478412174367
4.819999999999942,1.0307868399406868,112.41582624560006,0.7779641954712807,0.10554024652566406,56.72154024306354,55.9572814638093
4.8299999999999415,1.0307449172138763,112.35615531452319,0.7775512478513715,0.105492107863721,56.827032350927254,56.05972509642437
4.839999999999941,1.0307029881530814,112.29651160443652,0.7771384886120174,0.10544398393500824,56.932476334862265,56.16211503724183
4.849999999999941,1.030661052754101,112.23689510700551,0.7767259176955399,0.10539587474088248,57.03787220960315,56.26445130391501
4.859999999999941,1.030619111012747,112.17730581389483,0.7763135350442549,0.10534778028277572,57.14321998988593,56.36673391409771
4.869999999999941,1.030577162924845,112.11774371676837,0.7759013406004732,0.10529970056206973,57.248519690448,56.468962885444164
4.87999999999994,1.0305352084862327,112.05820880728923,0.7754893343064999,0.10525163558014634,57.353771326028145,56.57113823560903
4.88999999999994,1.0304932476927613,111.99870107711973,0.7750775161046348,0.10520358533838729,57.45897491136653,56.67325998224737
4.89999999999994,1.030451280540295,111.9392205179214,0.7746658859371723,0.10515554983819952,57.56413046120473,56.775328143014725
4.90999999999994,1.0304093070247107,111.87976712135499,0.7742544437464013,0.10510752908093969,57.66923799028567,56.87734273556699
4.9199999999999395,1.030367327141899,111.82034087908049,0.7738431894746055,0.10505952306796441,57.77429751335364,56.97930377756049
4.929999999999939,1.030325340887762,111.7609417827571,0.773432123064063,0.10501153180068067,57.879309045154315,57.08121128665198
4.939999999999939,1.0302833482582163,111.70156982404326,0.7730212444570468,0.10496355528041992,57.984272600434736,57.183065280498596
4.949999999999939,1.0302413492491904,111.64222499459663,0.7726105535958244,0.104915593508564,58.0891881939433,57.2848657767579
4.959999999999939,1.0301993438566266,111.58290728607412,0.7722000504226583,0.10486764648644441,58.19405584042975,57.3866127930878
4.9699999999999385,1.0301573320764794,111.52361669013185,0.7717897348798052,0.104819714215443,58.29887555464519,57.488306347146654
4.979999999999938,1.0301153139047163,111.46435319842521,0.771379606909517,0.10477179669684097,58.40364735134203,57.58994645659312
4.989999999999938,1.0300732893373183,111.40511680260883,0.7709696664540403,0.1047238939320453,58.50837124527408,57.691533139086324
4.999999999999938,1.0300312583702784,111.34590749433656,0.7705599134556164,0.10467600592236237,58.61304725119644,57.79306641228572
5.009999999999938,1.029989220999603,111.28672526526151,0.7701503478564811,0.10462813266912371,58.71767538386557,57.894546293851135
